大类,app,function_name,包含指令数量,包含的指令
购物-搜索,京东,delete_search_history(app),1,['在京东中清除搜索历史']
购物-搜索,京东,open_camera_search(app),1,['在京东中使用拍照搜索功能']
购物-搜索,京东,open_search_history(app),1,['在京东中查看搜索历史']
购物-搜索,京东,"search_cart_content(app, search_info_slot)",1,['在京东的购物车中搜索<搜索内容>']
购物-搜索,京东,"search_delivery_time(app, search_info_slot, address_slot)",1,['在京东中查看<搜索内容>送达<地址>的时间']
购物-搜索,京东,"search_goods(app, search_info_slot, page_type, filter_detail_slot, type_slot, area_slot, order_type)",11,"['在京东中搜索<搜索内容>', '在京东中搜索商品<搜索内容>按综合排序', '在京东中搜索商品<搜索内容>按销量排序', '在京东中搜索商品<搜索内容>按价格从高到低排序', '在京东中搜索商品<搜索内容>按价格从低到高排序', '在京东中搜索商品<搜索内容>按评论数从高到低排序', '在京东中搜索商品<搜索内容>筛选<筛选条件>', '在京东中搜索新品<搜索内容>', '在京东中搜索秒送<搜索内容>', '在京东中搜索口碑<搜索内容>', '在京东中打开政府补贴并搜索<搜索内容>']"
购物-搜索,京东,"search_in_favorite_goods(app, search_info_slot)",1,['在京东的商品收藏中搜索<搜索内容>']
购物-搜索,京东,"search_in_favorite_stores(app, search_info_slot)",1,['在京东的店铺关注中搜索<搜索内容>']
购物-搜索,京东,"search_order(app, search_info_slot, order_status)",1,['在京东中搜索<搜索内容>订单']
购物-搜索,京东,"search_stores(app, search_info_slot, filter_type, filter_detail_slot, location_slot, qualification_slot, order_type)",1,['在京东中搜索<搜索内容>店']
购物-搜索,唯品会,delete_search_history(app),1,['在唯品会中清除搜索历史']
购物-搜索,唯品会,open_camera_search(app),1,['在唯品会中使用拍照搜索功能']
购物-搜索,唯品会,open_search_history(app),1,['在唯品会中查看搜索历史']
购物-搜索,唯品会,"search_cart_content(app, search_info_slot)",1,['在唯品会的购物车中搜索<搜索内容>']
购物-搜索,唯品会,"search_delivery_time(app, search_info_slot, address_slot)",1,['在唯品会中查看<搜索内容>送达<地址>的时间']
购物-搜索,唯品会,"search_goods(app, search_info_slot, page_type, filter_detail_slot, type_slot, area_slot, order_type)",7,"['在唯品会中搜索<搜索内容>', '在唯品会中搜索<搜索内容>按综合排序', '在唯品会中搜索<搜索内容>按销量排序', '在唯品会中搜索<搜索内容>按价格从低到高排序', '在唯品会中搜索<搜索内容>按价格从高到低排序', '在唯品会中搜索<搜索内容>筛选<筛选条件>', '在唯品会中打开政府补贴并搜索<搜索内容>']"
购物-搜索,唯品会,"search_in_favorite_goods(app, search_info_slot)",1,['在唯品会的收藏中搜索<搜索内容>']
购物-搜索,唯品会,"search_order(app, search_info_slot, order_status)",2,"['在唯品会中搜索<搜索内容>订单', '在唯品会中搜索<搜索内容>退换售后订单']"
购物-搜索,天猫,delete_search_history(app),1,['在天猫中清除搜索历史']
购物-搜索,天猫,open_camera_search(app),1,['在天猫中使用拍照搜索功能']
购物-搜索,天猫,open_search_history(app),1,['在天猫中查看搜索历史']
购物-搜索,天猫,"search_goods(app, search_info_slot, page_type, filter_detail_slot, type_slot, area_slot, order_type)",7,"['在天猫中搜索<搜索内容>', '在天猫中搜索<搜索内容>按综合排序', '在天猫中搜索<搜索内容>按销量排序', '在天猫中搜索<搜索内容>按价格从低到高排序', '在天猫中搜索<搜索内容>按价格从高到低排序', '在天猫中搜索<搜索内容>筛选<筛选条件>', '在天猫中打开政府补贴并搜索<搜索内容>']"
购物-搜索,天猫,"search_in_favorite_goods(app, search_info_slot)",1,['在天猫的收藏夹中搜索<搜索内容>']
购物-搜索,天猫,"search_order(app, search_info_slot, order_status)",1,['在天猫中搜索<搜索内容>订单']
购物-搜索,天猫,"search_stores(app, search_info_slot, filter_type, filter_detail_slot, location_slot, qualification_slot, order_type)",1,['在天猫中搜索<搜索内容>店']
购物-搜索,得物,delete_search_history(app),1,['在得物中清除搜索历史']
购物-搜索,得物,open_camera_search(app),1,['在得物中使用拍照搜索功能']
购物-搜索,得物,open_search_history(app),1,['在得物中查看搜索历史']
购物-搜索,得物,"search_delivery_time(app, search_info_slot, address_slot)",1,['在得物中查看<搜索内容>送达<地址>的时间']
购物-搜索,得物,"search_goods(app, search_info_slot, page_type, filter_detail_slot, type_slot, area_slot, order_type)",9,"['在得物中搜索<搜索内容>', '在得物中搜索商品<搜索内容>', '在得物中搜索商品<搜索内容>按综合排序', '在得物中搜索商品<搜索内容>按销量排序', '在得物中搜索商品<搜索内容>按价格从低到高排序', '在得物中搜索商品<搜索内容>按价格从高到低排序', '在得物中搜索商品<搜索内容>筛选<筛选条件>', '在得物中搜索商品<搜索内容>筛选新品', '在得物中搜索商品<搜索内容>按好评排序']"
购物-搜索,得物,"search_in_favorite_goods(app, search_info_slot)",1,['在得物的想要中搜索<搜索内容>']
购物-搜索,得物,"search_order(app, search_info_slot, order_status)",1,['在得物中搜索<搜索内容>订单']
购物-搜索,快手,delete_search_history(app),1,['在快手的商城中清除搜索历史']
购物-搜索,快手,open_camera_search(app),1,['在快手的商城中使用拍照搜索功能']
购物-搜索,快手,open_search_history(app),1,['在快手的商城中查看搜索历史']
购物-搜索,快手,"search_goods(app, search_info_slot, page_type, filter_detail_slot, type_slot, area_slot, order_type)",8,"['在快手的商城中搜索<搜索内容>', '在快手的商城中搜索<搜索内容>按综合排序', '在快手的商城中搜索<搜索内容>按销量排序', '在快手的商城中搜索<搜索内容>按价格从低到高排序', '在快手的商城中搜索<搜索内容>按价格从高到低排序', '在快手的商城直播中搜索<搜索内容>', '在快手中搜索商城中的<搜索内容>筛选<筛选条件>', '在快手中打开商城的国家补贴并搜索<搜索内容>']"
购物-搜索,快手,"search_order(app, search_info_slot, order_status)",1,['在快手中搜索<搜索内容>订单']
购物-搜索,快手,"search_stores(app, search_info_slot, filter_type, filter_detail_slot, location_slot, qualification_slot, order_type)",1,['在快手的商城中搜索<搜索内容>店']
购物-搜索,快手极速版,delete_search_history(app),1,['在快手极速版的商城中清除搜索历史']
购物-搜索,快手极速版,open_camera_search(app),1,['在快手极速版的商城中使用拍照搜索功能']
购物-搜索,快手极速版,open_search_history(app),1,['在快手极速版的商城中查看搜索历史']
购物-搜索,快手极速版,"search_goods(app, search_info_slot, page_type, filter_detail_slot, type_slot, area_slot, order_type)",8,"['在快手极速版的商城中搜索<搜索内容>', '在快手极速版的商城中搜索<搜索内容>按综合排序', '在快手极速版的商城中搜索<搜索内容>按销量排序', '在快手极速版的商城中搜索<搜索内容>按价格从低到高排序', '在快手极速版的商城中搜索<搜索内容>按价格从高到低排序', '在快手极速版的商城直播中搜索<搜索内容>', '在快手极速版中搜索商城中的<搜索内容>筛选<筛选条件>', '在快手极速版中打开商城的国家补贴并搜索<搜索内容>']"
购物-搜索,快手极速版,"search_order(app, search_info_slot, order_status)",1,['在快手极速版中搜索<搜索内容>订单']
购物-搜索,快手极速版,"search_stores(app, search_info_slot, filter_type, filter_detail_slot, location_slot, qualification_slot, order_type)",1,['在快手极速版的商城中搜索<搜索内容>店']
购物-搜索,抖音,delete_search_history(app),1,['在抖音的商城中清除搜索历史']
购物-搜索,抖音,open_camera_search(app),1,['在抖音的商城中使用拍照搜索功能']
购物-搜索,抖音,open_search_history(app),1,['在抖音的商城中查看搜索历史']
购物-搜索,抖音,"search_cart_content(app, search_info_slot)",1,['在抖音的购物车中搜索<搜索内容>']
购物-搜索,抖音,"search_delivery_time(app, search_info_slot, address_slot)",1,['在抖音的商城中查看<搜索内容>送达<地址>的时间']
购物-搜索,抖音,"search_goods(app, search_info_slot, page_type, filter_detail_slot, type_slot, area_slot, order_type)",10,"['在抖音的商城中搜索<搜索内容>', '在抖音的商城中搜索<搜索内容>按综合排序', '在抖音的商城中搜索的<搜索内容>按销量排序', '在抖音的商城中搜索<搜索内容>按价格从低到高排序', '在抖音的商城中搜索<搜索内容>按价格从高到低排序', '在抖音的商城直播中搜索<搜索内容>', '在抖音中搜索商城中的<搜索内容>筛选<筛选条件>', '在抖音中搜索商城特价中的<搜索内容>', '在抖音中搜索商城小时达中的<搜索内容>', '在抖音中打开商城的国家补贴并搜索<搜索内容>']"
购物-搜索,抖音,"search_in_favorite_stores(app, search_info_slot)",1,['在抖音的关注店铺中搜索<搜索内容>']
购物-搜索,抖音,"search_order(app, search_info_slot, order_status)",1,['在抖音中搜索<搜索内容>订单']
购物-搜索,抖音,"search_stores(app, search_info_slot, filter_type, filter_detail_slot, location_slot, qualification_slot, order_type)",4,"['在抖音的商城中搜索<搜索内容>店', '在抖音的商城中搜索<搜索内容>店按综合排序', '在抖音的商城中搜索<搜索内容>店按销量排序', '在抖音的商城中搜索<搜索内容>店按人气排序']"
购物-搜索,抖音极速版,delete_search_history(app),1,['在抖音极速版的商城中清除搜索历史']
购物-搜索,抖音极速版,open_camera_search(app),1,['在抖音极速版的商城中使用拍照搜索功能']
购物-搜索,抖音极速版,open_search_history(app),1,['在抖音极速版的商城中查看搜索历史']
购物-搜索,抖音极速版,"search_cart_content(app, search_info_slot)",1,['在抖音极速版的购物车中搜索<搜索内容>']
购物-搜索,抖音极速版,"search_delivery_time(app, search_info_slot, address_slot)",1,['在抖音极速版的商城中查看<搜索内容>送达<地址>的时间']
购物-搜索,抖音极速版,"search_goods(app, search_info_slot, page_type, filter_detail_slot, type_slot, area_slot, order_type)",10,"['在抖音极速版的商城中搜索<搜索内容>', '在抖音极速版的商城中搜索<搜索内容>按综合排序', '在抖音极速版的商城中搜索<搜索内容>按销量排序', '在抖音极速版的商城中搜索<搜索内容>按价格从低到高排序', '在抖音极速版的商城中搜索<搜索内容>按价格从高到低排序', '在抖音极速版的商城直播中搜索<搜索内容>', '在抖音极速版中搜索商城中的<搜索内容>筛选<筛选条件>', '在抖音极速版中搜索商城特价中的<搜索内容>', '在抖音极速版中搜索商城小时达中的<搜索内容>', '在抖音极速版中打开商城的国家补贴并搜索<搜索内容>']"
购物-搜索,抖音极速版,"search_in_favorite_stores(app, search_info_slot)",1,['在抖音极速版的关注店铺中搜索<搜索内容>']
购物-搜索,抖音极速版,"search_order(app, search_info_slot, order_status)",1,['在抖音极速版中搜索<搜索内容>订单']
购物-搜索,抖音极速版,"search_stores(app, search_info_slot, filter_type, filter_detail_slot, location_slot, qualification_slot, order_type)",4,"['在抖音极速版的商城中搜索<搜索内容>店', '在抖音极速版的商城中搜索<搜索内容>店按综合排序', '在抖音极速版的商城中搜索<搜索内容>店按销量排序', '在抖音极速版的商城中搜索<搜索内容>店按人气排序']"
购物-搜索,抖音火山版,delete_search_history(app),1,['在抖音火山版的商城中清除搜索历史']
购物-搜索,抖音火山版,open_camera_search(app),1,['在抖音火山版的商城中使用拍照搜索功能']
购物-搜索,抖音火山版,open_search_history(app),1,['在抖音火山版的商城中查看搜索历史']
购物-搜索,抖音火山版,"search_delivery_time(app, search_info_slot, address_slot)",1,['在抖音火山版的商城中查看<搜索内容>送达<地址>的时间']
购物-搜索,抖音火山版,"search_goods(app, search_info_slot, page_type, filter_detail_slot, type_slot, area_slot, order_type)",10,"['在抖音火山版的商城中搜索<搜索内容>', '在抖音火山版的商城中搜索<搜索内容>按综合排序', '在抖音火山版的商城中搜索<搜索内容>按销量排序', '在抖音火山版的商城中搜索<搜索内容>按价格从低到高排序', '在抖音火山版的商城中搜索<搜索内容>按价格从高到低排序', '在抖音火山版中搜索商城直播中的<搜索内容>', '在抖音火山版中搜索商城中的<搜索内容>筛选<筛选条件>', '在抖音火山版中搜索商城特价中的<搜索内容>', '在抖音火山版中搜索商城小时达中的<搜索内容>', '在抖音火山版中打开商城的国家补贴并搜索<搜索内容>']"
购物-搜索,抖音火山版,"search_order(app, search_info_slot, order_status)",1,['在抖音火山版中搜索<搜索内容>订单']
购物-搜索,抖音火山版,"search_stores(app, search_info_slot, filter_type, filter_detail_slot, location_slot, qualification_slot, order_type)",1,['在抖音火山版的商城中搜索<搜索内容>店']
购物-搜索,拼多多,delete_search_history(app),1,['在拼多多中清除搜索历史']
购物-搜索,拼多多,open_camera_search(app),1,['在拼多多中使用拍照搜索功能']
购物-搜索,拼多多,open_search_history(app),1,['在拼多多中查看搜索历史']
购物-搜索,拼多多,"search_goods(app, search_info_slot, page_type, filter_detail_slot, type_slot, area_slot, order_type)",9,"['在拼多多中搜索<搜索内容>', '在拼多多中搜索<搜索内容>按综合排序', '在拼多多中搜索<搜索内容>按销量排序', '在拼多多中搜索<搜索内容>按好评排序', '在拼多多中搜索<搜索内容>按价格从低到高排序', '在拼多多中搜索<搜索内容>按价格从高到低排序', '在拼多多中搜索<搜索内容>筛选<筛选条件>', '在拼多多中搜索<搜索内容>筛选品牌', '在拼多多中打开政府补贴并搜索<搜索内容>']"
购物-搜索,拼多多,"search_in_favorite_goods(app, search_info_slot)",1,['在拼多多的商品收藏中搜索<搜索内容>']
购物-搜索,拼多多,"search_order(app, search_info_slot, order_status)",1,['在拼多多中搜索<搜索内容>订单']
购物-搜索,拼多多,"search_stores(app, search_info_slot, filter_type, filter_detail_slot, location_slot, qualification_slot, order_type)",4,"['在拼多多中搜索<搜索内容>店', '在拼多多中搜索<搜索内容>店按综合排序', '在拼多多中搜索<搜索内容>店按销量排序', '在拼多多中搜索<搜索内容>店按评分排序']"
购物-搜索,淘宝,delete_search_history(app),1,['在淘宝中清除搜索历史']
购物-搜索,淘宝,open_camera_search(app),1,['在淘宝中使用拍照搜索功能']
购物-搜索,淘宝,open_search_history(app),1,['在淘宝中查看搜索历史']
购物-搜索,淘宝,"search_cart_content(app, search_info_slot)",1,['在淘宝的购物车中搜索<搜索内容>']
购物-搜索,淘宝,"search_goods(app, search_info_slot, page_type, filter_detail_slot, type_slot, area_slot, order_type)",7,"['在淘宝中搜索<搜索内容>', '在淘宝中搜索<搜索内容>按综合排序', '在淘宝中搜索<搜索内容>按销量排序', '在淘宝中搜索<搜索内容>按价格从高到低排序', '在淘宝中搜索<搜索内容>按价格从低到高排序', '在淘宝中搜索<搜索内容>筛选<筛选条件>', '在淘宝中打开国家补贴并搜索<搜索内容>']"
购物-搜索,淘宝,"search_in_favorite_goods(app, search_info_slot)",1,['在淘宝的收藏中搜索<搜索内容>']
购物-搜索,淘宝,"search_in_favorite_stores(app, search_info_slot)",1,['在淘宝的关注店铺中搜索<搜索内容>']
购物-搜索,淘宝,"search_order(app, search_info_slot, order_status)",1,['在淘宝中搜索<搜索内容>订单']
购物-搜索,淘宝,"search_stores(app, search_info_slot, filter_type, filter_detail_slot, location_slot, qualification_slot, order_type)",9,"['在淘宝中搜索<搜索内容>店', '在淘宝中搜索<搜索内容>店按综合排序', '在淘宝中搜索<搜索内容>店按销量排序', '在淘宝中搜索<搜索内容>店按信用排序', '在淘宝中搜索好评率100%的<搜索内容>店', '在淘宝中搜索好评率99%以上的<搜索内容>店', '在淘宝中搜索好评率98%以上的<搜索内容>店', '在淘宝中搜索好评率97%以上的<搜索内容>店', '在淘宝中搜索店铺<店铺名>筛选<筛选条件>']"
购物-搜索,转转,delete_search_history(app),1,['在转转中清除搜索历史']
购物-搜索,转转,open_search_history(app),1,['在转转中查看搜索历史']
购物-搜索,转转,"search_delivery_time(app, search_info_slot, address_slot)",1,['在转转中查看<搜索内容>送达<地址>的时间']
购物-搜索,转转,"search_goods(app, search_info_slot, page_type, filter_detail_slot, type_slot, area_slot, order_type)",7,"['在转转中搜索<搜索内容>', '在转转中搜索<搜索内容>按综合排序', '在转转中搜索<搜索内容>按最新上架排序', '在转转中搜索<搜索内容>按价格从低到高排序', '在转转中搜索<搜索内容>按价格从高到低排序', '在转转中搜索<搜索内容>筛选<筛选条件>', '在转转中搜索<搜索内容>筛选型号为<型号>']"
购物-搜索,转转,"search_order(app, search_info_slot, order_status)",2,"['在转转中搜索我购买的<搜索内容>订单', '在转转中搜索我卖出的<搜索内容>订单']"
购物-搜索,闲鱼,delete_search_history(app),1,['在闲鱼中清除搜索历史']
购物-搜索,闲鱼,open_camera_search(app),1,['在闲鱼中使用拍照搜索功能']
购物-搜索,闲鱼,open_search_history(app),1,['在闲鱼中查看搜索历史']
购物-搜索,闲鱼,"search_goods(app, search_info_slot, page_type, filter_detail_slot, type_slot, area_slot, order_type)",11,"['在闲鱼中搜索<搜索内容>', '在闲鱼中搜索<搜索内容>按综合排序', '在闲鱼中搜索<搜索内容>按最近活跃排序', '在闲鱼中搜索<搜索内容>按离我最近排序', '在闲鱼中搜索<搜索内容>按信用排序', '在闲鱼中搜索<搜索内容>按价格从低到高排序', '在闲鱼中搜索<搜索内容>按价格从高到低排序', '在闲鱼中搜索<搜索内容>并筛选<筛选条件>', '在闲鱼中搜索<搜索内容>并筛选新发', '在闲鱼中搜索<搜索内容>并筛选降价', '在闲鱼中搜索<搜索内容>并筛选<区域>']"
购物-搜索,闲鱼,"search_in_favorite_goods(app, search_info_slot)",1,['在闲鱼的收藏中搜索<搜索内容>']
购物-搜索,闲鱼,"search_order(app, search_info_slot, order_status)",3,"['在闲鱼中搜索我发布的<搜索内容>商品', '在闲鱼中搜索我卖出的<搜索内容>订单', '在闲鱼中搜索我买到的<搜索内容>订单']"
购物-搜索,阿里巴巴,delete_search_history(app),1,['在阿里巴巴中清除搜索历史']
购物-搜索,阿里巴巴,open_camera_search(app),1,['在阿里巴巴中使用拍照搜索功能']
购物-搜索,阿里巴巴,open_search_history(app),1,['在阿里巴巴中查看搜索历史']
购物-搜索,阿里巴巴,"search_delivery_time(app, search_info_slot, address_slot)",1,['在阿里巴巴中查看<搜索内容>送达<地址>的时间']
购物-搜索,阿里巴巴,"search_goods(app, search_info_slot, page_type, filter_detail_slot, type_slot, area_slot, order_type)",10,"['在阿里巴巴中搜索<搜索内容>', '在阿里巴巴中搜索<搜索内容>按综合排序', '在阿里巴巴中搜索<搜索内容>按销量排序', '在阿里巴巴中搜索<搜索内容>按价格从低到高排序', '在阿里巴巴中搜索<搜索内容>按价格从高到低排序', '在阿里巴巴中搜索<搜索内容>按回头率从高到低排序', '在阿里巴巴中搜索<搜索内容>筛选<筛选条件>', '在阿里巴巴中搜索新品的<搜索内容>', '在阿里巴巴中搜索找工厂的<搜索内容>', '在阿里巴巴中搜索1688严选的<搜索内容>']"
购物-搜索,阿里巴巴,"search_in_favorite_goods(app, search_info_slot)",1,['在阿里巴巴的收藏中搜索<搜索内容>']
购物-搜索,阿里巴巴,"search_in_favorite_stores(app, search_info_slot)",1,['在阿里巴巴的关注店铺中搜索<搜索内容>']
购物-搜索,阿里巴巴,"search_order(app, search_info_slot, order_status)",1,['在阿里巴巴中搜索<搜索内容>订单']
购物-搜索,阿里巴巴,"search_stores(app, search_info_slot, filter_type, filter_detail_slot, location_slot, qualification_slot, order_type)",8,"['在阿里巴巴中搜索<搜索内容>店', '在阿里巴巴中搜索<搜索内容>店按综合排序', '在阿里巴巴中搜索<搜索内容>店按销量排序', '在阿里巴巴中搜索<搜索内容>店按回头率排序', '在阿里巴巴中搜索店铺<搜索内容>筛选全店包邮', '在阿里巴巴中搜索店铺<店铺名>筛选所在地为<省><市>', '在阿里巴巴中搜索店铺<搜索内容>筛选工厂', '在阿里巴巴中搜索店铺<搜索内容>筛选厂商资质为<厂商资质>']"
购物-打开,京东,"open_goods_page(app, search_info_slot, page_type)",5,"['在京东中打开<搜索内容>', '在京东中打开<搜索内容>的评论', '在京东中打开<搜索内容>的规格', '在京东中打开<搜索内容>的参数', '在京东中打开<搜索内容>的详情']"
购物-打开,京东,"open_special_page(app, page_type)",1,['在京东中查看国家补贴页面']
购物-打开,京东,"open_stores_page(app, store_name_slot, search_info_slot, category_slot)",3,"['在京东中打开<店铺名>店铺', '在京东中<店铺名>店铺内搜索<搜索内容>', '在京东中打开<店铺名>店铺的<类别>类别']"
购物-打开,唯品会,"open_goods_page(app, search_info_slot, page_type)",5,"['在唯品会中打开<搜索内容>', '在唯品会中打开<搜索内容>的评论', '在唯品会中打开<搜索内容>的规格', '在唯品会中打开<搜索内容>的参数', '在唯品会中打开<搜索内容>的详情']"
购物-打开,唯品会,"open_special_page(app, page_type)",1,['在唯品会中查看国家补贴']
购物-打开,天猫,"open_goods_page(app, search_info_slot, page_type)",5,"['在天猫中打开<搜索内容>', '在天猫中打开<搜索内容>的评论', '在天猫中打开<搜索内容>的规格', '在天猫中打开<搜索内容>的参数', '在天猫中打开<搜索内容>的详情']"
购物-打开,天猫,"open_special_page(app, page_type)",1,['在天猫中查看国家补贴']
购物-打开,天猫,"open_stores_page(app, store_name_slot, search_info_slot, category_slot)",3,"['在天猫中打开<店铺名>店铺', '在天猫中<店铺名>店铺内搜索<搜索内容>', '在天猫中打开<店铺名>店铺的<类别>类别']"
购物-打开,得物,"open_goods_page(app, search_info_slot, page_type)",5,"['在得物中打开<搜索内容>', '在得物中打开<搜索内容>的评论', '在得物中打开<搜索内容>的规格', '在得物中打开<搜索内容>的参数', '在得物中打开<搜索内容>的详情']"
购物-打开,快手,"open_goods_page(app, search_info_slot, page_type)",5,"['在快手的商城中打开<搜索内容>', '在快手的商城中打开<搜索内容>的评论', '在快手的商城中打开<搜索内容>的规格', '在快手的商城中打开<搜索内容>的参数', '在快手的商城中打开<搜索内容>的详情']"
购物-打开,快手,"open_special_page(app, page_type)",1,['在快手中查看商城国家补贴']
购物-打开,快手,"open_stores_page(app, store_name_slot, search_info_slot, category_slot)",3,"['在快手中打开商城中的<店铺名>店铺', '在快手中商城中的<店铺名>店铺内搜索<搜索内容>', '在快手中打开商城中的<店铺名>店铺的<类别>类别']"
购物-打开,快手极速版,"open_goods_page(app, search_info_slot, page_type)",5,"['在快手极速版的商城中打开<搜索内容>', '在快手极速版的商城中打开<搜索内容>的评论', '在快手极速版的商城中打开<搜索内容>的规格', '在快手极速版的商城中打开<搜索内容>的参数', '在快手极速版的商城中打开<搜索内容>的详情']"
购物-打开,快手极速版,"open_special_page(app, page_type)",1,['在快手极速版中查看商城国家补贴']
购物-打开,快手极速版,"open_stores_page(app, store_name_slot, search_info_slot, category_slot)",3,"['在快手极速版中打开商城中的<店铺名>店铺', '在快手极速版中商城中的<店铺名>店铺内搜索<搜索内容>', '在快手极速版中打开商城中的<店铺名>店铺的<类别>类别']"
购物-打开,抖音,"open_goods_page(app, search_info_slot, page_type)",5,"['在抖音的商城中打开<搜索内容>', '在抖音的商城中打开<搜索内容>的评论', '在抖音的商城中打开<搜索内容>的规格', '在抖音的商城中打开<搜索内容>的参数', '在抖音的商城中打开<搜索内容>的详情']"
购物-打开,抖音,"open_special_page(app, page_type)",1,['在抖音中打开商城国家补贴']
购物-打开,抖音,"open_stores_page(app, store_name_slot, search_info_slot, category_slot)",3,"['在抖音中打开商城中的<店铺名>店铺', '在抖音中商城中的<店铺名>店铺内搜索<搜索内容>', '在抖音中打开商城中的<店铺名>店铺的<类别>类别']"
购物-打开,抖音极速版,"open_goods_page(app, search_info_slot, page_type)",5,"['在抖音极速版的商城中打开<搜索内容>', '在抖音极速版的商城中打开<搜索内容>的评论', '在抖音极速版的商城中打开<搜索内容>的规格', '在抖音极速版的商城中打开<搜索内容>的参数', '在抖音极速版的商城中打开<搜索内容>的详情']"
购物-打开,抖音极速版,"open_special_page(app, page_type)",1,['在抖音极速版中打开商城国家补贴']
购物-打开,抖音极速版,"open_stores_page(app, store_name_slot, search_info_slot, category_slot)",3,"['在抖音极速版中打开商城中的<店铺名>店铺', '在抖音极速版中商城中的<店铺名>店铺内搜索<搜索内容>', '在抖音极速版中打开商城中的<店铺名>店铺的<类别>类别']"
购物-打开,抖音火山版,"open_goods_page(app, search_info_slot, page_type)",5,"['在抖音火山版的商城中打开<搜索内容>', '在抖音火山版的商城中打开<搜索内容>的评论', '在抖音火山版的商城中打开<搜索内容>的规格', '在抖音火山版的商城中打开<搜索内容>的参数', '在抖音火山版的商城中打开<搜索内容>的详情']"
购物-打开,抖音火山版,"open_special_page(app, page_type)",1,['在抖音火山版中查看商城国家补贴']
购物-打开,抖音火山版,"open_stores_page(app, store_name_slot, search_info_slot, category_slot)",3,"['在抖音火山版中打开商城中的<店铺名>店铺', '在抖音火山版中商城中的<店铺名>店铺内搜索<搜索内容>', '在抖音火山版中打开商城中的<店铺名>店铺的<类别>类别']"
购物-打开,拼多多,"open_goods_page(app, search_info_slot, page_type)",5,"['在拼多多中打开<搜索内容>', '在拼多多中打开<搜索内容>的评论', '在拼多多中打开<搜索内容>的规格', '在拼多多中打开<搜索内容>的参数', '在拼多多中打开<搜索内容>的详情']"
购物-打开,拼多多,"open_special_page(app, page_type)",1,['在拼多多中查看政府补贴']
购物-打开,拼多多,"open_stores_page(app, store_name_slot, search_info_slot, category_slot)",3,"['在拼多多中打开<店铺名>店铺', '在拼多多中<店铺名>店铺内搜索<搜索内容>', '在拼多多中打开<店铺名>店铺的<类别>类别']"
购物-打开,淘宝,"open_goods_page(app, search_info_slot, page_type)",5,"['在淘宝中打开<搜索内容>', '在淘宝中打开<搜索内容>的评论', '在淘宝中打开<搜索内容>的规格', '在淘宝中打开<搜索内容>的参数', '在淘宝中打开<搜索内容>的详情']"
购物-打开,淘宝,"open_special_page(app, page_type)",1,['在淘宝中查看国家补贴']
购物-打开,淘宝,"open_stores_page(app, store_name_slot, search_info_slot, category_slot)",3,"['在淘宝中打开<店铺名>店铺', '在淘宝中<店铺名>店铺内搜索<搜索内容>', '在淘宝中打开<店铺名>店铺的<类别>类别']"
购物-打开,转转,"open_goods_page(app, search_info_slot, page_type)",5,"['在转转中打开<搜索内容>', '在转转中打开<搜索内容>的评论', '在转转中打开<搜索内容>的规格', '在转转中打开<搜索内容>的参数', '在转转中打开<搜索内容>的详情']"
购物-打开,闲鱼,"open_goods_page(app, search_info_slot, page_type)",1,['在闲鱼中打开<搜索内容>']
购物-打开,阿里巴巴,"open_goods_page(app, search_info_slot, page_type)",5,"['在阿里巴巴中打开<搜索内容>', '在阿里巴巴中打开<搜索内容>的评论', '在阿里巴巴中打开<搜索内容>的规格', '在阿里巴巴中打开<搜索内容>的参数', '在阿里巴巴中打开<搜索内容>的详情']"
购物-打开,阿里巴巴,"open_stores_page(app, store_name_slot, search_info_slot, category_slot)",3,"['在阿里巴巴中打开<店铺名>店铺', '在阿里巴巴中<店铺名>店铺内搜索<搜索内容>', '在阿里巴巴中打开<店铺名>店铺的<类别>类别']"
购物-购物车,京东,"add_into_cart(app, search_info_slot, specification_slot, num_slot, address_slot)",5,"['在京东中将<搜索内容>加入购物车', '在京东中将<规格>的<搜索内容>加入购物车', '在京东中将<数量>的<搜索内容>加入购物车', '在京东中将送至<地址>的<搜索内容>加入购物车', '在京东中将送至<地址>的<数量><规格>的<搜索内容>加入购物车']"
购物-购物车,京东,"open_cart_content(app, filter_type, filter_detail_slot)",6,"['在京东中查看购物车', '在京东中查看购物车中的送礼商品', '在京东中查看购物车中的凑单商品', '在京东中查看购物车中的跨店满减商品', '在京东中查看购物车中的降价商品', '在京东中筛选购物车的<筛选条件>商品']"
购物-购物车,唯品会,"add_into_cart(app, search_info_slot, specification_slot, num_slot, address_slot)",5,"['在唯品会中将<搜索内容>加入购物车', '在唯品会中将<规格>的<搜索内容>加入购物车', '在唯品会中将<数量>的<搜索内容>加入购物车', '在唯品会中将送至<地址>的<搜索内容>加入购物车', '在唯品会中将送至<地址>的<数量><规格>的<搜索内容>加入购物车']"
购物-购物车,唯品会,"open_cart_content(app, filter_type, filter_detail_slot)",5,"['在唯品会中查看购物车', '在唯品会中查看购物车中的近期加购商品', '在唯品会中查看购物车中的降价商品', '在唯品会中查看购物车中的有货商品', '在唯品会中筛选购物车的<筛选条件>商品']"
购物-购物车,天猫,"add_into_cart(app, search_info_slot, specification_slot, num_slot, address_slot)",5,"['在天猫中将<搜索内容>加入购物车', '在天猫中将<规格>的<搜索内容>加入购物车', '在天猫中将<数量>的<搜索内容>加入购物车', '在天猫中将送至<地址>的<搜索内容>加入购物车', '在天猫中将送至<地址>的<数量><规格>的<搜索内容>加入购物车']"
购物-购物车,天猫,"open_cart_content(app, filter_type, filter_detail_slot)",1,['在天猫中查看购物车']
购物-购物车,得物,"open_cart_content(app, filter_type, filter_detail_slot)",2,"['在得物中查看想要', '在得物中查看想要中的降价商品']"
购物-购物车,快手,"add_into_cart(app, search_info_slot, specification_slot, num_slot, address_slot)",4,"['在快手的商城中将<搜索内容>加入购物车', '在快手的商城中将<规格>的<搜索内容>加入购物车', '在快手的商城中将<数量>的<搜索内容>加入购物车', '在快手的商城中将<数量><规格>的<搜索内容>加入购物车']"
购物-购物车,快手,"open_cart_content(app, filter_type, filter_detail_slot)",1,['在快手中查看购物车']
购物-购物车,快手极速版,"add_into_cart(app, search_info_slot, specification_slot, num_slot, address_slot)",4,"['在快手极速版的商城中将<搜索内容>加入购物车', '在快手极速版的商城中将<规格>的<搜索内容>加入购物车', '在快手极速版的商城中将<数量>的<搜索内容>加入购物车', '在快手极速版的商城中将<数量><规格>的<搜索内容>加入购物车']"
购物-购物车,快手极速版,"open_cart_content(app, filter_type, filter_detail_slot)",1,['在快手极速版中查看购物车']
购物-购物车,抖音,"add_into_cart(app, search_info_slot, specification_slot, num_slot, address_slot)",5,"['在抖音的商城中将<搜索内容>加入购物车', '在抖音的商城中将<规格>的<搜索内容>加入购物车', '在抖音的商城中将<数量>的<搜索内容>加入购物车', '在抖音的商城中将送至<地址>的<搜索内容>加入购物车', '在抖音的商城中将送至<地址>的<数量><规格>的<搜索内容>加入购物车']"
购物-购物车,抖音,"open_cart_content(app, filter_type, filter_detail_slot)",3,"['在抖音中查看购物车', '在抖音中查看购物车中的有货商品', '在抖音中查看购物车中的降价商品']"
购物-购物车,抖音极速版,"add_into_cart(app, search_info_slot, specification_slot, num_slot, address_slot)",5,"['在抖音极速版的商城中将<搜索内容>加入购物车', '在抖音极速版的商城中将<规格>的<搜索内容>加入购物车', '在抖音极速版的商城中将<数量>的<搜索内容>加入购物车', '在抖音极速版的商城中将送至<地址>的<搜索内容>加入购物车', '在抖音极速版的商城中将送至<地址>的<数量><规格>的<搜索内容>加入购物车']"
购物-购物车,抖音极速版,"open_cart_content(app, filter_type, filter_detail_slot)",3,"['在抖音极速版中查看购物车', '在抖音极速版中查看购物车中的有货商品', '在抖音极速版中查看购物车中的降价商品']"
购物-购物车,抖音火山版,"add_into_cart(app, search_info_slot, specification_slot, num_slot, address_slot)",5,"['在抖音火山版的商城中将<搜索内容>加入购物车', '在抖音火山版的商城中将<规格>的<搜索内容>加入购物车', '在抖音火山版的商城中将<数量>的<搜索内容>加入购物车', '在抖音火山版的商城中将送至<地址>的<搜索内容>加入购物车', '在抖音火山版的商城中将送至<地址>的<数量><规格>的<搜索内容>加入购物车']"
购物-购物车,抖音火山版,"open_cart_content(app, filter_type, filter_detail_slot)",2,"['在抖音火山版中查看购物车', '在抖音火山版中查看购物车中的降价商品']"
购物-购物车,淘宝,"add_into_cart(app, search_info_slot, specification_slot, num_slot, address_slot)",5,"['在淘宝中将<搜索内容>加入购物车', '在淘宝中将<规格>的<搜索内容>加入购物车', '在淘宝中将<数量>的<搜索内容>加入购物车', '在淘宝中将送至<地址>的<搜索内容>加入购物车', '在淘宝中将<数量><规格>的<搜索内容>加入购物车']"
购物-购物车,淘宝,"open_cart_content(app, filter_type, filter_detail_slot)",6,"['在淘宝中查看购物车', '在淘宝中查看购物车中的降价商品', '在淘宝中查看购物车中的常购商品', '在淘宝中查看购物车中的失效商品', '在淘宝中管理购物车', '在淘宝中查看购物车的分组']"
购物-购物车,转转,"add_into_cart(app, search_info_slot, specification_slot, num_slot, address_slot)",1,['在转转中将<搜索内容>加入购物车']
购物-购物车,转转,"open_cart_content(app, filter_type, filter_detail_slot)",1,['在转转中查看购物车']
购物-购物车,阿里巴巴,"add_into_cart(app, search_info_slot, specification_slot, num_slot, address_slot)",5,"['在阿里巴巴中将<搜索内容>加入购物车', '在阿里巴巴中将<规格>的<搜索内容>加入购物车', '在阿里巴巴中将<数量>的<搜索内容>加入购物车', '在阿里巴巴中将送至<地址>的<搜索内容>加入购物车', '在阿里巴巴中将送至<地址>的<数量><规格>的<搜索内容>加入购物车']"
购物-购物车,阿里巴巴,"open_cart_content(app, filter_type, filter_detail_slot)",4,"['在阿里巴巴中查看采购车', '在阿里巴巴中查看采购车中的常购商品', '在阿里巴巴中查看采购车中的代发商品', '在阿里巴巴中查看采购车中的现货商品']"
购物-收藏,京东,"add_into_favorite_goods(app, search_info_slot)",1,['在京东中收藏<搜索内容>']
购物-收藏,京东,"add_into_favorite_stores(app, search_info_slot)",1,['在京东中关注<店铺名>店铺']
购物-收藏,京东,"delete_favorite_goods(app, search_info_slot)",1,['在京东中删除商品收藏中的<搜索内容>']
购物-收藏,京东,"open_favorite_goods(app, filter_type, filter_detail_slot, order_type)",6,"['在京东中查看商品收藏', '在京东中查看商品收藏中的降价商品', '在京东中查看商品收藏中的促销商品', '在京东中查看商品收藏中的有货商品', '在京东中查看商品收藏中的下架商品', '在京东中筛选收藏的<筛选条件>商品']"
购物-收藏,京东,"open_favorite_stores(app, filter_type)",1,['在京东中查看店铺关注']
购物-收藏,唯品会,"add_into_favorite_goods(app, search_info_slot)",1,['在唯品会中收藏<搜索内容>']
购物-收藏,唯品会,"delete_favorite_goods(app, search_info_slot)",1,['在唯品会中删除收藏中的<搜索内容>']
购物-收藏,唯品会,"open_favorite_goods(app, filter_type, filter_detail_slot, order_type)",9,"['在唯品会中查看我的收藏', '在唯品会中查看我的收藏中的降价商品', '在唯品会中查看我的收藏中的有货商品', '在唯品会中查看我的收藏中的已失效商品', '在唯品会中查看我的收藏中7天内收藏商品', '在唯品会中查看我的收藏中1个月内收藏商品', '在唯品会中查看我的收藏中3个月内收藏商品', '在唯品会中查看我的收藏中半年前收藏商品', '在唯品会中筛选我的收藏中的<筛选条件>商品']"
购物-收藏,天猫,"add_into_favorite_goods(app, search_info_slot)",1,['在天猫中收藏<搜索内容>']
购物-收藏,天猫,"add_into_favorite_stores(app, search_info_slot)",1,['在天猫中关注<店铺名>店铺']
购物-收藏,天猫,"delete_favorite_goods(app, search_info_slot)",1,['在天猫中删除收藏夹中的<搜索内容>']
购物-收藏,天猫,"open_favorite_goods(app, filter_type, filter_detail_slot, order_type)",13,"['在天猫中查看收藏夹', '在天猫中查看收藏夹中的降价商品', '在天猫中查看收藏夹中的已买过商品', '在天猫中查看收藏夹中的低库存商品', '在天猫中查看收藏夹中的已失效商品', '在天猫中查看收藏夹中7天内收藏的商品', '在天猫中查看收藏夹中30天内收藏的商品', '在天猫中查看收藏夹中90天内收藏的商品', '在天猫中查看收藏夹中半年前收藏的商品', '在天猫中查看收藏夹中一年前收藏的商品', '在天猫中查看收藏夹按最近收藏排序', '在天猫中查看收藏夹按最早收藏排序', '在天猫中查看收藏夹中的<筛选条件>商品']"
购物-收藏,天猫,"open_favorite_stores(app, filter_type)",1,['在天猫中查看我关注的店铺']
购物-收藏,得物,"add_into_favorite_goods(app, search_info_slot)",1,['在得物中收藏<搜索内容>']
购物-收藏,得物,"delete_favorite_goods(app, search_info_slot)",1,['在得物中删除想要中的<搜索内容>']
购物-收藏,得物,"open_favorite_goods(app, filter_type, filter_detail_slot, order_type)",1,['在得物中筛选想要的<筛选条件>商品']
购物-收藏,快手,"add_into_favorite_goods(app, search_info_slot)",1,['在快手的商城中收藏<搜索内容>']
购物-收藏,快手,"add_into_favorite_stores(app, search_info_slot)",1,['在快手中关注商城中的<店铺名>店铺']
购物-收藏,快手,"open_favorite_goods(app, filter_type, filter_detail_slot, order_type)",1,['在快手中查看我的商品收藏']
购物-收藏,快手极速版,"add_into_favorite_goods(app, search_info_slot)",1,['在快手极速版的商城中收藏<搜索内容>']
购物-收藏,快手极速版,"add_into_favorite_stores(app, search_info_slot)",1,['在快手极速版中关注商城中的<店铺名>店铺']
购物-收藏,快手极速版,"open_favorite_goods(app, filter_type, filter_detail_slot, order_type)",1,['在快手极速版中查看我收藏的商品']
购物-收藏,抖音,"add_into_favorite_goods(app, search_info_slot)",1,['在抖音的商城中收藏<搜索内容>']
购物-收藏,抖音,"add_into_favorite_stores(app, search_info_slot)",1,['在抖音中关注商城中的<店铺名>店铺']
购物-收藏,抖音,"open_favorite_goods(app, filter_type, filter_detail_slot, order_type)",2,"['在抖音中查看收藏的商品', '在抖音中查看商城收藏的<筛选条件>商品']"
购物-收藏,抖音极速版,"add_into_favorite_goods(app, search_info_slot)",1,['在抖音极速版的商城中收藏<搜索内容>']
购物-收藏,抖音极速版,"add_into_favorite_stores(app, search_info_slot)",1,['在抖音极速版中关注商城中的<店铺名>店铺']
购物-收藏,抖音极速版,"open_favorite_goods(app, filter_type, filter_detail_slot, order_type)",2,"['在抖音极速版中查看收藏的商品', '在抖音极速版中查看商城收藏的<筛选条件>商品']"
购物-收藏,抖音火山版,"add_into_favorite_goods(app, search_info_slot)",1,['在抖音火山版的商城中收藏<搜索内容>']
购物-收藏,抖音火山版,"add_into_favorite_stores(app, search_info_slot)",1,['在抖音火山版中关注商城中的<店铺名>店铺']
购物-收藏,抖音火山版,"open_favorite_goods(app, filter_type, filter_detail_slot, order_type)",1,['在抖音火山版中查看收藏的商品']
购物-收藏,拼多多,"add_into_favorite_goods(app, search_info_slot)",1,['在拼多多中收藏<搜索内容>']
购物-收藏,拼多多,"add_into_favorite_stores(app, search_info_slot)",1,['在拼多多中关注<店铺名>店铺']
购物-收藏,拼多多,"delete_favorite_goods(app, search_info_slot)",1,['在拼多多中删除商品收藏中的<搜索内容>']
购物-收藏,拼多多,"open_favorite_goods(app, filter_type, filter_detail_slot, order_type)",2,"['在拼多多中查看商品收藏', '在拼多多中查看收藏的<筛选条件>商品']"
购物-收藏,拼多多,"open_favorite_stores(app, filter_type)",1,['在拼多多中查看店铺关注']
购物-收藏,淘宝,"add_into_favorite_goods(app, search_info_slot)",1,['在淘宝中收藏<搜索内容>']
购物-收藏,淘宝,"add_into_favorite_stores(app, search_info_slot)",1,['在淘宝中关注<店铺名>店铺']
购物-收藏,淘宝,"delete_favorite_goods(app, search_info_slot)",1,['在淘宝中删除收藏中的<搜索内容>']
购物-收藏,淘宝,"open_favorite_goods(app, filter_type, filter_detail_slot, order_type)",13,"['在淘宝中查看我的收藏', '在淘宝中查看我的收藏中的降价商品', '在淘宝中查看我的收藏中的已买过商品', '在淘宝中查看我的收藏中的低库存商品', '在淘宝中查看我的收藏中的已失效商品', '在淘宝中查看我的收藏中7天内收藏的商品', '在淘宝中查看我的收藏中30天内收藏的商品', '在淘宝中查看我的收藏中90天内收藏的商品', '在淘宝中查看我的收藏中半年前收藏的商品', '在淘宝中查看我的收藏中一年前收藏的商品', '在淘宝中查看我的收藏按最近收藏排序', '在淘宝中查看我的收藏按最早收藏排序', '在淘宝中查看我的收藏中的<筛选条件>商品']"
购物-收藏,淘宝,"open_favorite_stores(app, filter_type)",4,"['在淘宝中查看我关注的店铺', '在淘宝中查看特别关注的店铺', '在淘宝中查看直播中的关注店铺', '在淘宝中查看有上新的关注店铺']"
购物-收藏,转转,"add_into_favorite_goods(app, search_info_slot)",1,['在转转中收藏<搜索内容>']
购物-收藏,转转,"open_favorite_goods(app, filter_type, filter_detail_slot, order_type)",1,['在转转中查看我的收藏']
购物-收藏,闲鱼,"add_into_favorite_goods(app, search_info_slot)",1,['在闲鱼中收藏<搜索内容>']
购物-收藏,闲鱼,"open_favorite_goods(app, filter_type, filter_detail_slot, order_type)",4,"['在闲鱼中查看我的收藏', '在闲鱼中查看我收藏的降价宝贝', '在闲鱼中查看我收藏的有效宝贝', '在闲鱼中查看我收藏的失效宝贝']"
购物-收藏,阿里巴巴,"add_into_favorite_goods(app, search_info_slot)",1,['在阿里巴巴中收藏<搜索内容>']
购物-收藏,阿里巴巴,"add_into_favorite_stores(app, search_info_slot)",1,['在阿里巴巴中关注<店铺名>店铺']
购物-收藏,阿里巴巴,"delete_favorite_goods(app, search_info_slot)",1,['在阿里巴巴中删除收藏中的<搜索内容>']
购物-收藏,阿里巴巴,"open_favorite_goods(app, filter_type, filter_detail_slot, order_type)",5,"['在阿里巴巴中查看收藏', '在阿里巴巴中查看收藏中的降价商品', '在阿里巴巴中查看收藏中的低价补货商品', '在阿里巴巴中查看收藏中的买过商品', '在阿里巴巴中筛选收藏的<筛选条件>商品']"
购物-收藏,阿里巴巴,"open_favorite_stores(app, filter_type)",1,['在阿里巴巴中查看关注的店铺']
购物-下单,京东,"order_to_purchase_goods(app, search_info_slot, specification_slot, num_slot, address_slot, payment_method_slot)",6,"['在京东中下单<搜索内容>', '在京东中下单<规格>的<搜索内容>', '在京东中下单<数量>的<搜索内容>', '在京东中下单<搜索内容>送至<地址>', '在京东中用<支付方式>下单<搜索内容>', '在京东中下单<数量><规格>的<搜索内容>用<支付方式>送至<地址>']"
购物-下单,唯品会,"order_to_purchase_goods(app, search_info_slot, specification_slot, num_slot, address_slot, payment_method_slot)",6,"['在唯品会中下单<搜索内容>', '在唯品会中下单<规格>的<搜索内容>', '在唯品会中下单<数量>的<搜索内容>', '在唯品会中下单<搜索内容>送至<地址>', '在唯品会中用<支付方式>下单<搜索内容>', '在唯品会中下单<数量><规格>的<搜索内容>用<支付方式>送至<地址>']"
购物-下单,天猫,"order_to_purchase_goods(app, search_info_slot, specification_slot, num_slot, address_slot, payment_method_slot)",6,"['在天猫中下单<搜索内容>', '在天猫中下单<规格>的<搜索内容>', '在天猫中下单<数量>的<搜索内容>', '在天猫中下单<搜索内容>送至<地址>', '在天猫中用<支付方式>下单<搜索内容>', '在天猫中下单<数量><规格>的<搜索内容>用<支付方式>送至<地址>']"
购物-下单,得物,"order_to_purchase_goods(app, search_info_slot, specification_slot, num_slot, address_slot, payment_method_slot)",6,"['在得物中下单<搜索内容>', '在得物中下单<规格>的<搜索内容>', '在得物中下单<数量>的<搜索内容>', '在得物中下单<搜索内容>送至<地址>', '在得物中用<支付方式>下单<搜索内容>', '在得物中下单<数量><规格>的<搜索内容>用<支付方式>送至<地址>']"
购物-下单,快手,"order_to_purchase_goods(app, search_info_slot, specification_slot, num_slot, address_slot, payment_method_slot)",6,"['在快手的商城中下单<搜索内容>', '在快手的商城中下单<规格>的<搜索内容>', '在快手的商城中下单<数量>的<搜索内容>', '在快手的商城中下单<搜索内容>送至<地址>', '在快手的商城中用<支付方式>下单<搜索内容>', '在快手的商城中下单<数量><规格>的<搜索内容>用<支付方式>送至<地址>']"
购物-下单,快手极速版,"order_to_purchase_goods(app, search_info_slot, specification_slot, num_slot, address_slot, payment_method_slot)",6,"['在快手极速版的商城中下单<搜索内容>', '在快手极速版的商城中下单<规格>的<搜索内容>', '在快手极速版的商城中下单<数量>的<搜索内容>', '在快手极速版的商城中下单<搜索内容>送至<地址>', '在快手极速版的商城中用<支付方式>下单<搜索内容>', '在快手极速版的商城中下单<数量><规格>的<搜索内容>用<支付方式>送至<地址>']"
购物-下单,抖音,"order_to_purchase_goods(app, search_info_slot, specification_slot, num_slot, address_slot, payment_method_slot)",6,"['在抖音的商城中下单<搜索内容>', '在抖音的商城中下单<规格>的<搜索内容>', '在抖音的商城中下单<数量>的<搜索内容>', '在抖音的商城中下单<搜索内容>送至<地址>', '在抖音的商城中用<支付方式>下单<搜索内容>', '在抖音的商城中下单<数量><规格>的<搜索内容>用<支付方式>送至<地址>']"
购物-下单,抖音极速版,"order_to_purchase_goods(app, search_info_slot, specification_slot, num_slot, address_slot, payment_method_slot)",6,"['在抖音极速版的商城中下单<搜索内容>', '在抖音极速版的商城中下单<规格>的<搜索内容>', '在抖音极速版的商城中下单<数量>的<搜索内容>', '在抖音极速版的商城中下单<搜索内容>送至<地址>', '在抖音极速版的商城中用<支付方式>下单<搜索内容>', '在抖音极速版的商城中下单<数量><规格>的<搜索内容>用<支付方式>送至<地址>']"
购物-下单,抖音火山版,"order_to_purchase_goods(app, search_info_slot, specification_slot, num_slot, address_slot, payment_method_slot)",6,"['在抖音火山版的商城中下单<搜索内容>', '在抖音火山版的商城中下单<规格>的<搜索内容>', '在抖音火山版的商城中下单<数量>的<搜索内容>', '在抖音火山版的商城中下单<搜索内容>送至<地址>', '在抖音火山版的商城中用<支付方式>下单<搜索内容>', '在抖音火山版的商城中下单<数量><规格>的<搜索内容>用<支付方式>送至<地址>']"
购物-下单,拼多多,"order_to_purchase_goods(app, search_info_slot, specification_slot, num_slot, address_slot, payment_method_slot)",6,"['在拼多多中下单<搜索内容>', '在拼多多中下单<规格>的<搜索内容>', '在拼多多中下单<数量>的<搜索内容>', '在拼多多中下单<搜索内容>送至<地址>', '在拼多多中用<支付方式>下单<搜索内容>', '在拼多多中下单<数量><规格>的<搜索内容>用<支付方式>送至<地址>']"
购物-下单,淘宝,"order_to_purchase_goods(app, search_info_slot, specification_slot, num_slot, address_slot, payment_method_slot)",6,"['在淘宝中下单<搜索内容>', '在淘宝中下单<规格>的<搜索内容>', '在淘宝中下单<数量>的<搜索内容>', '在淘宝中下单<搜索内容>送至<地址>', '在淘宝中用<支付方式>下单<搜索内容>', '在淘宝中下单<数量><规格>的<搜索内容>用<支付方式>送至<地址>']"
购物-下单,转转,"order_to_purchase_goods(app, search_info_slot, specification_slot, num_slot, address_slot, payment_method_slot)",6,"['在转转中下单<搜索内容>', '在转转中下单<规格>的<搜索内容>', '在转转中下单<数量>的<搜索内容>', '在转转中下单<搜索内容>送至<地址>', '在转转中用<支付方式>下单<搜索内容>', '在转转中下单<数量><规格>的<搜索内容>用<支付方式>送至<地址>']"
购物-下单,闲鱼,"order_to_purchase_goods(app, search_info_slot, specification_slot, num_slot, address_slot, payment_method_slot)",4,"['在闲鱼中下单<搜索内容>', '在闲鱼中下单<搜索内容>送至<地址>', '在闲鱼中用<支付方式>下单<搜索内容>', '在闲鱼中下单<数量><规格>的<搜索内容>用<支付方式>送至<地址>']"
购物-下单,阿里巴巴,"order_to_purchase_goods(app, search_info_slot, specification_slot, num_slot, address_slot, payment_method_slot)",6,"['在阿里巴巴中下单<搜索内容>', '在阿里巴巴中下单<规格>的<搜索内容>', '在阿里巴巴中下单<数量>的<搜索内容>', '在阿里巴巴中下单<搜索内容>送至<地址>', '在阿里巴巴中用<支付方式>下单<搜索内容>', '在阿里巴巴中下单<数量><规格>的<搜索内容>用<支付方式>送至<地址>']"
购物-订单,京东,"apply_after_sales(app, search_info_slot, after_sales_type, reason_slot)",2,"['在京东中给<搜索内容>订单申请售后', '在京东中给<搜索内容>订单申请<售后类型>且原因为<原因>']"
购物-订单,京东,"open_orders_bought(app, order_status, filter_detail_slot)",7,"['在京东中查看待付款订单', '在京东中查看待收货订单', '在京东中查看待服务订单', '在京东中查看待评价订单', '在京东中查看退换/售后订单', '在京东中查看全部订单', '在京东中筛选<筛选条件>的订单']"
购物-订单,唯品会,"apply_after_sales(app, search_info_slot, after_sales_type, reason_slot)",2,"['在唯品会中给<搜索内容>订单申请售后', '在唯品会中给<搜索内容>订单申请<售后类型>且原因为<原因>']"
购物-订单,唯品会,"open_orders_bought(app, order_status, filter_detail_slot)",8,"['在唯品会中查看已取消的待付款订单', '在唯品会中查看已完成的待付款订单', '在唯品会中查看待付款订单', '在唯品会中查看待评价订单', '在唯品会中查看待收货订单', '在唯品会中查看全部订单', '在唯品会中查看退换售后订单', '在唯品会中筛选<筛选条件>订单']"
购物-订单,天猫,"apply_after_sales(app, search_info_slot, after_sales_type, reason_slot)",2,"['在天猫中给<搜索内容>订单申请售后', '在天猫中给<搜索内容>订单申请<售后类型>且原因为<原因>']"
购物-订单,天猫,"open_orders_bought(app, order_status, filter_detail_slot)",7,"['在天猫中查看待付款订单', '在天猫中查看待发货订单', '在天猫中查看待收货订单', '在天猫中查看退款/售后订单', '在天猫中查看全部订单', '在天猫中查看待评价订单', '在天猫中筛选<筛选条件>的订单']"
购物-订单,得物,"apply_after_sales(app, search_info_slot, after_sales_type, reason_slot)",2,"['在得物中给<搜索内容>订单申请售后', '在得物中给<搜索内容>订单申请<售后类型>且原因为<原因>']"
购物-订单,得物,"open_orders_bought(app, order_status, filter_detail_slot)",6,"['在得物中查看订单', '在得物中查看待付款订单', '在得物中查看待发货订单', '在得物中查看待收货订单', '在得物中查看待评价订单', '在得物中查看退款/售后订单']"
购物-订单,快手,"apply_after_sales(app, search_info_slot, after_sales_type, reason_slot)",2,"['在快手中给商城<搜索内容>订单申请售后', '在快手中给商城<搜索内容>订单申请<售后类型>且原因为<原因>']"
购物-订单,快手,"open_orders_bought(app, order_status, filter_detail_slot)",6,"['在快手的商城中查看我的订单', '在快手的商城中查看待支付订单', '在快手的商城中查看待发货订单', '在快手的商城中查看待收货订单', '在快手的商城中查看待评价订单', '在快手的商城中查看售后订单']"
购物-订单,快手极速版,"apply_after_sales(app, search_info_slot, after_sales_type, reason_slot)",2,"['在快手极速版中给商城<搜索内容>订单申请售后', '在快手极速版中给商城<搜索内容>订单申请<售后类型>且原因为<原因>']"
购物-订单,快手极速版,"open_orders_bought(app, order_status, filter_detail_slot)",6,"['在快手极速版的商城中查看我的订单', '在快手极速版的商城中查看待支付订单', '在快手极速版的商城中查看待发货订单', '在快手极速版的商城中查看待收货订单', '在快手极速版的商城中查看待评价订单', '在快手极速版的商城中查看售后订单']"
购物-订单,抖音,"apply_after_sales(app, search_info_slot, after_sales_type, reason_slot)",2,"['在抖音中给商城<搜索内容>订单申请售后', '在抖音中给商城<搜索内容>订单申请<售后类型>且原因为<原因>']"
购物-订单,抖音,"open_orders_bought(app, order_status, filter_detail_slot)",6,"['在抖音的商城中查看我的订单', '在抖音的商城中查看待支付订单', '在抖音的商城中查看待发货订单', '在抖音的商城中查看待收货订单', '在抖音的商城中查看待评价订单', '在抖音的商城中查看售后订单']"
购物-订单,抖音极速版,"apply_after_sales(app, search_info_slot, after_sales_type, reason_slot)",2,"['在抖音极速版中给商城<搜索内容>订单申请售后', '在抖音极速版中给商城<搜索内容>订单申请<售后类型>且原因为<原因>']"
购物-订单,抖音极速版,"open_orders_bought(app, order_status, filter_detail_slot)",6,"['在抖音极速版的商城中查看我的订单', '在抖音极速版的商城中查看待支付订单', '在抖音极速版的商城中查看待发货订单', '在抖音极速版的商城中查看待收货订单', '在抖音极速版的商城中查看待评价订单', '在抖音极速版的商城中查看售后订单']"
购物-订单,抖音火山版,"apply_after_sales(app, search_info_slot, after_sales_type, reason_slot)",2,"['在抖音火山版中给商城<搜索内容>订单申请售后', '在抖音火山版中给商城<搜索内容>订单申请<售后类型>且原因为<原因>']"
购物-订单,抖音火山版,"open_orders_bought(app, order_status, filter_detail_slot)",6,"['在抖音火山版的商城中查看我的订单', '在抖音火山版的商城中查看待支付订单', '在抖音火山版的商城中查看待发货订单', '在抖音火山版的商城中查看待收货订单', '在抖音火山版的商城中查看待评价订单', '在抖音火山版的商城中查看售后订单']"
购物-订单,拼多多,"apply_after_sales(app, search_info_slot, after_sales_type, reason_slot)",2,"['在拼多多中给<搜索内容>订单申请售后', '在拼多多中给<搜索内容>订单申请<售后类型>且原因为<原因>']"
购物-订单,拼多多,"open_orders_bought(app, order_status, filter_detail_slot)",7,"['在拼多多中查看我的订单', '在拼多多中查看待付款订单', '在拼多多中查看待收货订单', '在拼多多中查看待评价订单', '在拼多多中查看退款售后订单', '在拼多多中查看待分享订单', '在拼多多中查看待发货订单']"
购物-订单,淘宝,"apply_after_sales(app, search_info_slot, after_sales_type, reason_slot)",2,"['在淘宝中给<搜索内容>订单申请售后', '在淘宝中给<搜索内容>订单申请<售后类型>且原因为<原因>']"
购物-订单,淘宝,"open_orders_bought(app, order_status, filter_detail_slot)",7,"['在淘宝中查看我的订单', '在淘宝中查看待付款订单', '在淘宝中查看待发货订单', '在淘宝中查看待收货订单', '在淘宝中查看待评价订单', '在淘宝中查看退款/售后订单', '在淘宝中查看<筛选条件>订单']"
购物-订单,转转,"apply_after_sales(app, search_info_slot, after_sales_type, reason_slot)",2,"['在转转中给我购买的<搜索内容>订单申请售后', '在转转中给我购买的<搜索内容>订单申请<售后类型>且原因为<原因>']"
购物-订单,转转,"open_orders_bought(app, order_status, filter_detail_slot)",8,"['在转转中查看我的订单', '在转转中查看待付款订单', '在转转中查看待发货的订单', '在转转中查看待收货订单', '在转转中查看待评价的订单', '在转转中查看退款售后订单', '在转转中查看未完结的退款售后订单', '在转转中查看待评价的退款售后订单']"
购物-订单,转转,"open_orders_release(app, order_status)",1,['在转转中查看我发布的商品']
购物-订单,转转,"open_orders_sold(app, order_status, filter_detail_slot)",4,"['在转转中查看卖出的订单', '在转转中查看卖出的进行中订单', '在转转中查看卖出的已完成订单', '在转转中查看卖出的已关闭订单']"
购物-订单,闲鱼,"apply_after_sales(app, search_info_slot, after_sales_type, reason_slot)",2,"['在闲鱼中给<搜索内容>订单申请售后', '在闲鱼中给<搜索内容>订单申请<售后类型>且原因为<原因>']"
购物-订单,闲鱼,open_orders_all_review(app),1,['在闲鱼中查看待评价订单']
购物-订单,闲鱼,"open_orders_bought(app, order_status, filter_detail_slot)",8,"['在闲鱼中查看我买的订单', '在闲鱼中查看我买的全部订单', '在闲鱼中查看我买的待付款订单', '在闲鱼中查看我买的待发货订单', '在闲鱼中查看我买的待收货订单', '在闲鱼中查看我买的待评价订单', '在闲鱼中查看我买的退款中订单', '在闲鱼中筛选<筛选条件>买到的商品']"
购物-订单,闲鱼,"open_orders_release(app, order_status)",4,"['在闲鱼中查看我发布的商品', '在闲鱼中查看我发布的在卖商品', '在闲鱼中查看我发布的草稿商品', '在闲鱼中查看我发布的已下架商品']"
购物-订单,闲鱼,"open_orders_sold(app, order_status, filter_detail_slot)",8,"['在闲鱼中查看我卖出的订单', '在闲鱼中查看我卖出的全部订单', '在闲鱼中查看我卖出的待付款订单', '在闲鱼中查看我卖出的待发货订单', '在闲鱼中查看我卖出的待收货订单', '在闲鱼中查看我卖出的待评价订单', '在闲鱼中查看我卖出的退款中订单', '在闲鱼中筛选<筛选条件>卖出的商品']"
购物-订单,阿里巴巴,"apply_after_sales(app, search_info_slot, after_sales_type, reason_slot)",2,"['在阿里巴巴中给<搜索内容>订单申请售后', '在阿里巴巴中给<搜索内容>订单申请<售后类型>且原因为<原因>']"
购物-订单,阿里巴巴,"open_orders_bought(app, order_status, filter_detail_slot)",7,"['在阿里巴巴中查看待发货订单', '在阿里巴巴中查看待付款订单', '在阿里巴巴中查看待评价订单', '在阿里巴巴中查看待收货订单', '在阿里巴巴中查看全部订单', '在阿里巴巴中查看退款/售后订单', '在阿里巴巴中筛选<筛选条件>订单']"
购物-物流,京东,"call_order_courier(app, search_info_slot)",1,['在京东中拨打<搜索内容>订单的快递电话']
购物-物流,京东,"manage_order_logistics_status(app, search_info_slot, action_type)",3,"['在京东中给<搜索内容>订单催发货', '在京东中给<搜索内容>订单催配送', '在京东中给<搜索内容>订单确认收货']"
购物-物流,京东,open_express_delivery(app),1,['在京东中寄快递']
购物-物流,京东,"open_logistics_receive(app, filter_type)",9,"['在京东中查快递', '在京东中查我收快递', '在京东中查看待揽件的快递', '在京东中查看运输中的快递', '在京东中查看派送中的快递', '在京东中查看已签收的快递', '在京东中查看已取消的快递', '在京东中查看已拒收的快递', '在京东中查看已揽件的快递']"
购物-物流,京东,"open_logistics_send(app, filter_type)",8,"['在京东中查我寄快递', '在京东中查看待揽件的寄件', '在京东中查看运输中的寄件', '在京东中查看派送中的寄件', '在京东中查看已签收的寄件', '在京东中查看已取消的寄件', '在京东中查看已拒收的寄件', '在京东中查看已揽件的寄件']"
购物-物流,京东,"open_order_tracking_number(app, search_info_slot)",1,['在京东中查看<搜索内容>订单的物流单号']
购物-物流,唯品会,"manage_order_logistics_status(app, search_info_slot, action_type)",3,"['在唯品会中给<搜索内容>订单催发货', '在唯品会中给<搜索内容>订单催配送', '在唯品会中给<搜索内容>订单确认收货']"
购物-物流,唯品会,"open_logistics_receive(app, filter_type)",1,['在唯品会中查看物流']
购物-物流,唯品会,"open_order_tracking_number(app, search_info_slot)",1,['在唯品会中查看<搜索内容>订单的物流单号']
购物-物流,天猫,"call_order_courier(app, search_info_slot)",1,['在天猫中拨打<搜索内容>订单的快递电话']
购物-物流,天猫,"manage_order_logistics_status(app, search_info_slot, action_type)",3,"['在天猫中给<搜索内容>订单催发货', '在天猫中给<搜索内容>订单催配送', '在天猫中给<搜索内容>订单确认收货']"
购物-物流,天猫,"open_logistics_receive(app, filter_type)",1,['在天猫中查看物流']
购物-物流,天猫,"open_order_tracking_number(app, search_info_slot)",1,['在天猫中查看<搜索内容>订单的物流单号']
购物-物流,得物,"call_order_courier(app, search_info_slot)",1,['在得物中拨打<搜索内容>订单的快递电话']
购物-物流,得物,"manage_order_logistics_status(app, search_info_slot, action_type)",3,"['在得物中给<搜索内容>订单催发货', '在得物中给<搜索内容>订单催配送', '在得物中给<搜索内容>订单确认收货']"
购物-物流,得物,"open_logistics_receive(app, filter_type)",1,['在得物中查看物流']
购物-物流,得物,"open_order_tracking_number(app, search_info_slot)",1,['在得物中查看<搜索内容>订单的物流单号']
购物-物流,快手,"call_order_courier(app, search_info_slot)",1,['在快手中拨打商城<搜索内容>订单的快递电话']
购物-物流,快手,"manage_order_logistics_status(app, search_info_slot, action_type)",3,"['在快手中给商城<搜索内容>订单催发货', '在快手中给商城<搜索内容>订单催配送', '在快手中给商城<搜索内容>订单确认收货']"
购物-物流,快手,"open_logistics_receive(app, filter_type)",1,['在快手的商城中查看订单物流']
购物-物流,快手,"open_order_tracking_number(app, search_info_slot)",1,['在快手中查看商城<搜索内容>订单的物流单号']
购物-物流,快手极速版,"call_order_courier(app, search_info_slot)",1,['在快手极速版中拨打商城<搜索内容>订单的快递电话']
购物-物流,快手极速版,"manage_order_logistics_status(app, search_info_slot, action_type)",3,"['在快手极速版中给商城<搜索内容>订单催发货', '在快手极速版中给商城<搜索内容>订单催配送', '在快手极速版中给商城<搜索内容>订单确认收货']"
购物-物流,快手极速版,"open_logistics_receive(app, filter_type)",1,['在快手极速版的商城中查看订单物流']
购物-物流,快手极速版,"open_order_tracking_number(app, search_info_slot)",1,['在快手极速版中查看商城<搜索内容>订单的物流单号']
购物-物流,抖音,"call_order_courier(app, search_info_slot)",1,['在抖音中拨打商城<搜索内容>订单的快递电话']
购物-物流,抖音,"manage_order_logistics_status(app, search_info_slot, action_type)",3,"['在抖音中给商城<搜索内容>订单催发货', '在抖音中给商城<搜索内容>订单催配送', '在抖音中给商城<搜索内容>订单确认收货']"
购物-物流,抖音,"open_logistics_receive(app, filter_type)",5,"['在抖音的商城中查看订单物流', '在抖音的商城中查看已签收物流', '在抖音的商城中查看待取件物流', '在抖音的商城中查看派送中物流', '在抖音的商城中查看运送中物流']"
购物-物流,抖音,"open_order_tracking_number(app, search_info_slot)",1,['在抖音中查看商城<搜索内容>订单的物流单号']
购物-物流,抖音极速版,"call_order_courier(app, search_info_slot)",1,['在抖音极速版中拨打商城<搜索内容>订单的快递电话']
购物-物流,抖音极速版,"manage_order_logistics_status(app, search_info_slot, action_type)",3,"['在抖音极速版中给商城<搜索内容>订单催发货', '在抖音极速版中给商城<搜索内容>订单催配送', '在抖音极速版中给商城<搜索内容>订单确认收货']"
购物-物流,抖音极速版,"open_logistics_receive(app, filter_type)",5,"['在抖音极速版的商城中查看订单物流', '在抖音极速版的商城中查看已签收物流', '在抖音极速版的商城中查看待取件物流', '在抖音极速版的商城中查看派送中物流', '在抖音极速版的商城中查看运送中物流']"
购物-物流,抖音极速版,"open_order_tracking_number(app, search_info_slot)",1,['在抖音极速版中查看商城<搜索内容>订单的物流单号']
购物-物流,抖音火山版,"call_order_courier(app, search_info_slot)",1,['在抖音火山版中拨打商城<搜索内容>订单的快递电话']
购物-物流,抖音火山版,"manage_order_logistics_status(app, search_info_slot, action_type)",3,"['在抖音火山版中给商城<搜索内容>订单催发货', '在抖音火山版中给商城<搜索内容>订单催配送', '在抖音火山版中给商城<搜索内容>订单确认收货']"
购物-物流,抖音火山版,"open_logistics_receive(app, filter_type)",5,"['在抖音火山版的商城中查看订单物流', '在抖音火山版的商城中查看已签收物流', '在抖音火山版的商城中查看待取件物流', '在抖音火山版的商城中查看派送中物流', '在抖音火山版的商城中查看运送中物流']"
购物-物流,抖音火山版,"open_order_tracking_number(app, search_info_slot)",1,['在抖音火山版中查看商城<搜索内容>订单的物流单号']
购物-物流,拼多多,"call_order_courier(app, search_info_slot)",1,['在拼多多中拨打<搜索内容>订单的快递电话']
购物-物流,拼多多,"manage_order_logistics_status(app, search_info_slot, action_type)",3,"['在拼多多中给<搜索内容>订单催发货', '在拼多多中给<搜索内容>订单催配送', '在拼多多中给<搜索内容>订单确认收货']"
购物-物流,拼多多,"open_logistics_receive(app, filter_type)",7,"['在拼多多中查物流', '在拼多多中查我的收件物流', '在拼多多中查看待发货物流', '在拼多多中查看运输中物流', '在拼多多中查看派件中物流', '在拼多多中查看待取件物流', '在拼多多中查看已签收物流']"
购物-物流,拼多多,"open_logistics_send(app, filter_type)",4,"['在拼多多中查我的寄件物流', '在拼多多中查看待寄出物流', '在拼多多中查看已寄出物流', '在拼多多中查看已取消物流']"
购物-物流,拼多多,"open_order_tracking_number(app, search_info_slot)",1,['在拼多多中查看<搜索内容>订单的物流单号']
购物-物流,淘宝,"call_order_courier(app, search_info_slot)",1,['在淘宝中拨打<搜索内容>订单的快递电话']
购物-物流,淘宝,"manage_order_logistics_status(app, search_info_slot, action_type)",3,"['在淘宝中给<搜索内容>订单催发货', '在淘宝中给<搜索内容>订单催配送', '在淘宝中给<搜索内容>订单确认收货']"
购物-物流,淘宝,"open_logistics_receive(app, filter_type)",7,"['在淘宝中查看我的快递', '在淘宝中查看取件信息', '在淘宝中查看待取件的快递', '在淘宝中查看派送中的快递', '在淘宝中查看运输中的快递', '在淘宝中查看待发货的快递', '在淘宝中查看已签收的快递']"
购物-物流,淘宝,"open_logistics_send(app, filter_type)",7,"['在淘宝中查看寄件信息', '在淘宝中查看待寄出的寄件', '在淘宝中查看待支付的寄件', '在淘宝中查看待取件的寄件', '在淘宝中查看派送中的寄件', '在淘宝中查看运输中的寄件', '在淘宝中查看已签收的寄件']"
购物-物流,淘宝,"open_order_tracking_number(app, search_info_slot)",1,['在淘宝中查看<搜索内容>订单的物流单号']
购物-物流,转转,"call_order_courier(app, search_info_slot)",1,['在转转中拨打我购买的<搜索内容>订单的快递电话']
购物-物流,转转,"manage_order_logistics_status(app, search_info_slot, action_type)",3,"['在转转中给我购买的<搜索内容>订单催发货', '在转转中给我购买的<搜索内容>订单催配送', '在转转中给我购买的<搜索内容>订单确认收货']"
购物-物流,转转,"open_logistics_receive(app, filter_type)",1,['在转转中查看我的购买订单物流']
购物-物流,转转,"open_logistics_send(app, filter_type)",1,['在转转中查看我的卖出订单物流']
购物-物流,转转,"open_order_tracking_number(app, search_info_slot)",1,['在转转中查看我购买的<搜索内容>订单的物流单号']
购物-物流,闲鱼,"call_order_courier(app, search_info_slot)",1,"[""在闲鱼中查看<搜索内容>订单的快递电话""]"
购物-物流,闲鱼,"manage_order_logistics_status(app, search_info_slot, action_type)",3,"[""在闲鱼中给<搜索内容>订单催发货"",""在闲鱼中给<搜索内容>订单催配货"",""在闲鱼中给<搜索内容>订单确认收货""]"
购物-物流,闲鱼,"open_logistics_receive(app, filter_type)",1,['在闲鱼中查看我买到的商品的物流']
购物-物流,闲鱼,"open_logistics_send(app, filter_type)",1,['在闲鱼中查看我卖出的商品的物流']
购物-物流,闲鱼,"open_order_tracking_number(app, search_info_slot)",1,['在闲鱼中查看<搜索内容>订单的物流单号']
购物-物流,阿里巴巴,"call_order_courier(app, search_info_slot)",1,['在阿里巴巴中拨打<搜索内容>订单的快递电话']
购物-物流,阿里巴巴,"manage_order_logistics_status(app, search_info_slot, action_type)",3,"['在阿里巴巴中给<搜索内容>订单催发货', '在阿里巴巴中给<搜索内容>订单催配送', '在阿里巴巴中给<搜索内容>订单确认收货']"
购物-物流,阿里巴巴,"open_logistics_receive(app, filter_type)",1,['在阿里巴巴中查看物流']
购物-物流,阿里巴巴,"open_order_tracking_number(app, search_info_slot)",1,['在阿里巴巴中查看<搜索内容>订单的物流单号']
购物-客服,京东,apply_price_protection(app),1,['在京东中进行一键保价']
购物-客服,京东,"open_customer_service(app, order_slot, store_slot)",3,"['在京东中查看客户服务','在京东中联系<订单>订单的店铺客服','在京东中联系<店铺>店铺的店铺客服']"
购物-客服,唯品会,apply_price_protection(app),1,['在唯品会中打开价格保护']
购物-客服,唯品会,"open_customer_service(app, order_slot, store_slot)",1,['在唯品会中联系唯品客服']
购物-客服,天猫,apply_price_protection(app),1,['在天猫中进行一键价保']
购物-客服,天猫,"open_customer_service(app, order_slot, store_slot)",3,"['在天猫中联系客服','在天猫中联系<订单>订单的店铺客服','在天猫中联系<店铺>店铺的店铺客服']"
购物-客服,得物,open_customer_service(app),1,['在得物中联系客服']
购物-客服,快手,"open_customer_service(app, order_slot, store_slot)",3,"['在快手中联系官方客服','在快手中联系商城<订单>订单的店铺客服','在快手中联系商城<店铺>店铺的店铺客服']"
购物-客服,快手极速版,"open_customer_service(app, order_slot, store_slot)",3,"['在快手极速版中联系官方客服','在快手极速版中联系商城<订单>订单的店铺客服','在快手极速版中联系商城<店铺>店铺的店铺客服']"
购物-客服,抖音,"open_customer_service(app, order_slot, store_slot)",3,"['在抖音中联系我的客服','在抖音中联系商城<订单>订单的店铺客服','在抖音中联系商城<店铺>店铺的店铺客服']"
购物-客服,抖音极速版,"open_customer_service(app, order_slot, store_slot)",3,"['在抖音极速版中联系我的客服','在抖音极速版中联系商城<订单>订单的店铺客服','在抖音极速版中联系商城<店铺>店铺的店铺客服']"
购物-客服,抖音火山版,"open_customer_service(app, order_slot, store_slot)",3,"['在抖音火山版中联系我的客服','在抖音火山版中联系商城<订单>订单的店铺客服','在抖音火山版中联系商城<店铺>店铺的店铺客服']"
购物-客服,拼多多,"open_customer_service(app, order_slot, store_slot)",3,"['在拼多多中联系官方客服','在拼多多中联系<订单>订单的店铺客服','在拼多多中联系<店铺>店铺的店铺客服']"
购物-客服,淘宝,apply_price_protection(app),1,['在淘宝中联系客服进行价保']
购物-客服,淘宝,"open_customer_service(app, order_slot, store_slot)",3,"['在淘宝中联系客服','在淘宝中联系<订单>订单的店铺客服','在淘宝中联系<店铺>店铺的店铺客服']"
购物-客服,转转,"open_customer_service(app, order_slot, store_slot)",1,['在转转中联系在线客服']
购物-客服,闲鱼,"open_customer_service(app, order_slot, store_slot)",1,['在闲鱼中查看帮助与客服']
购物-客服,阿里巴巴,"open_customer_service(app, order_slot, store_slot)",3,"['在阿里巴巴中联系官方客服','在阿里巴巴中联系<订单>订单的店铺客服','在阿里巴巴中联系<店铺>店铺的店铺客服']"
购物-评价,京东,"rate_order(app, search_info_slot, rating_slot, review_text_slot, upload_images)",5,"['在京东中评价<搜索内容>订单', '在京东中评价<搜索内容>订单且星级为<星级>', '在京东中评价<搜索内容>订单且评价内容为<文本内容>', '在京东中评价<搜索内容>订单并上传图片', '在京东中评价<搜索内容>订单，星级为<星级>，评价内容为<文本内容>，并上传图片']"
购物-评价,唯品会,"rate_order(app, search_info_slot, rating_slot, review_text_slot, upload_images)",5,"['在唯品会中评价<搜索内容>订单', '在唯品会中评价<搜索内容>订单且星级为<星级>', '在唯品会中评价<搜索内容>订单且评价内容为<文本内容>', '在唯品会中评价<搜索内容>订单并上传图片', '在唯品会中评价<搜索内容>订单，星级为<星级>，评价内容为<文本内容>，并上传图片']"
购物-评价,天猫,"rate_order(app, search_info_slot, rating_slot, review_text_slot, upload_images)",5,"['在天猫中评价<搜索内容>订单', '在天猫中评价<搜索内容>订单且星级为<星级>', '在天猫中评价<搜索内容>订单且评价内容为<文本内容>', '在天猫中评价<搜索内容>订单并上传图片', '在天猫中评价<搜索内容>订单，星级为<星级>，评价内容为<文本内容>，并上传图片']"
购物-评价,得物,"rate_order(app, search_info_slot, rating_slot, review_text_slot, upload_images)",5,"['在得物中评价<搜索内容>订单', '在得物中评价<搜索内容>订单且星级为<星级>', '在得物中评价<搜索内容>订单且评价内容为<文本内容>', '在得物中评价<搜索内容>订单并上传图片', '在得物中评价<搜索内容>订单，星级为<星级>，评价内容为<文本内容>，并上传图片']"
购物-评价,快手,"rate_order(app, search_info_slot, rating_slot, review_text_slot, upload_images)",5,"['在快手中评价商城<搜索内容>订单', '在快手中评价商城<搜索内容>订单且星级为<星级>', '在快手中评价商城<搜索内容>订单且评价内容为<文本内容>', '在快手中评价商城<搜索内容>订单并上传图片', '在快手中评价商城<搜索内容>订单，星级为<星级>，评价内容为<文本内容>，并上传图片']"
购物-评价,快手极速版,"rate_order(app, search_info_slot, rating_slot, review_text_slot, upload_images)",5,"['在快手极速版中评价商城<搜索内容>订单', '在快手极速版中评价商城<搜索内容>订单且星级为<星级>', '在快手极速版中评价商城<搜索内容>订单且评价内容为<文本内容>', '在快手极速版中评价商城<搜索内容>订单并上传图片', '在快手极速版中评价商城<搜索内容>订单，星级为<星级>，评价内容为<文本内容>，并上传图片']"
购物-评价,抖音,"rate_order(app, search_info_slot, rating_slot, review_text_slot, upload_images)",5,"['在抖音中评价商城<搜索内容>订单', '在抖音中评价商城<搜索内容>订单且星级为<星级>', '在抖音中评价商城<搜索内容>订单且评价内容为<文本内容>', '在抖音中评价商城<搜索内容>订单并上传图片', '在抖音中评价商城<搜索内容>订单，星级为<星级>，评价内容为<文本内容>，并上传图片']"
购物-评价,抖音极速版,"rate_order(app, search_info_slot, rating_slot, review_text_slot, upload_images)",5,"['在抖音极速版中评价商城<搜索内容>订单', '在抖音极速版中评价商城<搜索内容>订单且星级为<星级>', '在抖音极速版中评价商城<搜索内容>订单且评价内容为<文本内容>', '在抖音极速版中评价商城<搜索内容>订单并上传图片', '在抖音极速版中评价商城<搜索内容>订单，星级为<星级>，评价内容为<文本内容>，并上传图片']"
购物-评价,抖音火山版,"rate_order(app, search_info_slot, rating_slot, review_text_slot, upload_images)",5,"['在抖音火山版中评价商城<搜索内容>订单', '在抖音火山版中评价商城<搜索内容>订单且星级为<星级>', '在抖音火山版中评价商城<搜索内容>订单且评价内容为<文本内容>', '在抖音火山版中评价商城<搜索内容>订单并上传图片', '在抖音火山版中评价商城<搜索内容>订单，星级为<星级>，评价内容为<文本内容>，并上传图片']"
购物-评价,拼多多,"rate_order(app, search_info_slot, rating_slot, review_text_slot, upload_images)",5,"['在拼多多中评价<搜索内容>订单', '在拼多多中评价<搜索内容>订单且星级为<星级>', '在拼多多中评价<搜索内容>订单且评价内容为<文本内容>', '在拼多多中评价<搜索内容>订单并上传图片', '在拼多多中评价<搜索内容>订单，星级为<星级>，评价内容为<文本内容>，并上传图片']"
购物-评价,淘宝,"rate_order(app, search_info_slot, rating_slot, review_text_slot, upload_images)",5,"['在淘宝中评价<搜索内容>订单', '在淘宝中评价<搜索内容>订单且星级为<星级>', '在淘宝中评价<搜索内容>订单且评价内容为<文本内容>', '在淘宝中评价<搜索内容>订单并上传图片', '在淘宝中评价<搜索内容>订单，星级为<星级>，评价内容为<文本内容>，并上传图片']"
购物-评价,转转,"rate_order(app, search_info_slot, rating_slot, review_text_slot, upload_images)",5,"['在转转中评价我购买的<搜索内容>订单', '在转转中评价我购买的<搜索内容>订单且星级为<星级>', '在转转中评价我购买的<搜索内容>订单且评价内容为<文本内容>', '在转转中评价我购买的<搜索内容>订单并上传图片', '在转转中评价我购买的<搜索内容>订单，星级为<星级>，评价内容为<文本内容>，并上传图片']"
购物-评价,闲鱼,"rate_order(app, search_info_slot, rating_slot, review_text_slot, upload_images)",5,"['在闲鱼中评价<搜索内容>订单', '在闲鱼中评价<搜索内容>订单且星级为<星级>', '在闲鱼中评价<搜索内容>订单且评价内容为<文本内容>', '在闲鱼中评价<搜索内容>订单并上传图片', '在闲鱼中评价<搜索内容>订单，星级为<星级>，评价内容为<文本内容>，并上传图片']"
购物-评价,阿里巴巴,"rate_order(app, search_info_slot, rating_slot, review_text_slot, upload_images)",5,"['在阿里巴巴中评价<搜索内容>订单', '在阿里巴巴中评价<搜索内容>订单且星级为<星级>', '在阿里巴巴中评价<搜索内容>订单且评价内容为<文本内容>', '在阿里巴巴中评价<搜索内容>订单并上传图片', '在阿里巴巴中评价<搜索内容>订单，星级为<星级>，评价内容为<文本内容>，并上传图片']"
购物-发票,京东,"open_invoice_page(app, page_type)",5,"['在京东中管理发票抬头', '在京东中查看全部发票', '在京东中查看发票换开/合开', '在京东中查看发票专票提交', '在京东中查看发票申请记录']"
购物-发票,唯品会,"open_invoice_page(app, page_type)",3,"['在唯品会中打开发票服务', '在唯品会中查看开具发票', '在唯品会中查看我的发票']"
购物-发票,得物,"open_invoice_page(app, page_type)",1,['在得物中打开发票服务']
购物-发票,拼多多,"open_invoice_page(app, page_type)",4,"['在拼多多中查看全部发票', '在拼多多中查看已开票发票', '在拼多多中查看申请中发票', '在拼多多中查看待申请发票']"
购物-发票,淘宝,"open_invoice_page(app, page_type)",4,"['在淘宝中打开发票中心', '在淘宝中查看申请中发票', '在淘宝中查看已开票发票', '在淘宝中查看未申请发票']"
购物-签到,京东,"sign_in(app, page_type)",1,['在京东中签到领取京豆']
购物-签到,唯品会,"sign_in(app, page_type)",1,['在唯品会中进行签到']
购物-签到,天猫,"sign_in(app, page_type)",2,"['在天猫中领取现金', '在天猫中领取福气红包']"
购物-签到,得物,"sign_in(app, page_type)",1,['在得物中进行每日签到']
购物-签到,快手,"sign_in(app, page_type)",1,['在快手的任务中心中签到领红包']
购物-签到,快手极速版,"sign_in(app, page_type)",1,['在快手极速版的赚钱任务中签到领金币']
购物-签到,抖音,"sign_in(app, page_type)",1,['在抖音中签到领积分']
购物-签到,抖音极速版,"sign_in(app, page_type)",2,"['在抖音极速版的赚钱任务中签到领金币', '在抖音极速版中签到领积分']"
购物-签到,抖音火山版,"sign_in(app, page_type)",1,['在抖音火山版中签到领火苗']
购物-签到,拼多多,"sign_in(app, page_type)",1,['在拼多多中进行签到']
购物-签到,淘宝,"sign_in(app, page_type)",2,"['在淘宝中签到领淘金币', '在淘宝中进行红包签到']"
购物-签到,闲鱼,"sign_in(app, page_type)",1,['在闲鱼中签到领闲鱼币']
购物-签到,阿里巴巴,"sign_in(app, page_type)",1,['在阿里巴巴中签到领元宝']
启动,京东,open_app(app),,[]
启动,唯品会,open_app(app),,[]
启动,天猫,open_app(app),,[]
启动,得物,open_app(app),,[]
启动,快手,open_app(app),,[]
启动,快手极速版,open_app(app),,[]
启动,抖音,open_app(app),,[]
启动,抖音极速版,open_app(app),,[]
启动,抖音火山版,open_app(app),,[]
启动,拼多多,open_app(app),,[]
启动,淘宝,open_app(app),,[]
启动,转转,open_app(app),,[]
启动,闲鱼,open_app(app),,[]
启动,阿里巴巴,open_app(app),,[]
缴费-查询,支付宝,"check_balance(app, fee_category)",8,"[""在支付宝中查话费余额"",""在支付宝中查流量余额"",""在支付宝中查剩余通话"",""在支付宝中查电费余额"",""在支付宝中查水费余额"",""在支付宝中查燃气费余额"",""在支付宝中查充电桩电费余额"",""在支付宝中查固话宽带费余额""]"
缴费-查询,,"check_payment_records(app, fee_category)",7,"[""在支付宝中查话费订单"",""在支付宝中查电费缴费记录"",""在支付宝中查电费账单信息"",""在支付宝中查水费缴费记录"",""在支付宝中查燃气费缴费记录"",""在支付宝中查充电桩电费缴费记录"",""在支付宝中查固话宽带费缴费记录""]"
缴费-查询,淘宝,"check_balance(app, fee_category)",1,"[""在淘宝中查话费余额""]"
缴费-缴费,京东,"pay_fee(app, fee_category)",2,"[""在京东中充话费"",""在京东中充流量""]"
缴费-缴费,京东金融,"pay_fee(app, fee_category)",8,"[""在京东金融中充话费"",""在京东金融中交电费"",""在京东金融中交水费"",""在京东金融中交燃气费"",""在京东金融中交固话费"",""在京东金融中交宽带费"",""在京东金融中交有线电视费"",""在京东金融中交暖气费""]"
缴费-缴费,拼多多,"pay_fee(app, fee_category)",2,"[""在拼多多中充话费"",""在拼多多中充流量""]"
缴费-缴费,支付宝,"pay_fee(app, fee_category)",5,"[""在支付宝中交电费"",""在支付宝中交水费"",""在支付宝中交燃气费"",""在支付宝中交充电桩电费"",""在支付宝中交固话宽带费""]"
缴费-缴费,淘宝,"pay_fee(app, fee_category)",5,"[""在淘宝中充话费"",""在淘宝中充流量"",""在淘宝中交电费"",""在淘宝中交水费"",""在淘宝中交燃气费""]"
缴费-充电桩,网上国网,scan_charging_station(app),1,"[""在网上国网中扫充电桩""]"
缴费-充电桩,网上国网,"search_charging_stations(app, search_info_slot, distance)",6,"[""在网上国网搜索<搜索内容>的充电桩"",""在网上国网搜索充电桩并按距离排序"",""在网上国网搜索2公里内的充电桩"",""在网上国网搜索10公里内的充电桩"",""在网上国网搜索20公里内的充电桩"",""在网上国网搜索50公里内的充电桩""]"
